name,mean,mean_delta,median,median_delta,ops,ops_delta,rounds,iterations
test_bench_molecule_from_smiles_benzene,0.00026836679317057135,+6.45%,0.0002666250802576542,+9.87%,3726.2434304396584,-6.06%,5,1
test_bench_molecule_from_smiles_ethane_rotors,5.0070155716427545e-05,-14.23%,4.929094575345516e-05,-3.51%,19971.97703285571,+16.59%,8993,1
